{
    "defaultLocale": "en",
    "langs": [
        {
            "name": "English",
            "locale": "en",
            "flag":"us",
            "scripts": ["workflowdesigner.localization_en.js", "wfs.localization_en.js"]
        },
        {
            "name": "French",
            "locale": "fr",
            "scripts": ["workflowdesigner.localization_fr.js", "wfs.localization_fr.js"]
        },
        {
            "name": "Germany",
            "locale": "de",
            "scripts": ["workflowdesigner.localization_de.js", "wfs.localization_de.js"]
        },
        {
            "name": "Italian",
            "locale": "it",
            "scripts": ["workflowdesigner.localization_it.js", "wfs.localization_it.js"]
        },
        {
            "name": "Portuguese",
            "locale": "pt",
            "scripts": ["workflowdesigner.localization_pt.js", "wfs.localization_pt.js"]
        },
        {
            "name": "Russian",
            "locale": "ru",
            "scripts": ["workflowdesigner.localization_ru.js", "wfs.localization_ru.js"]
        },
        {
            "name": "Spanish",
            "locale": "es",
            "scripts": ["workflowdesigner.localization_es.js", "wfs.localization_es.js"]
        },
        {
            "name": "Turkish",
            "locale": "tr",
            "scripts": ["workflowdesigner.localization_tr.js", "wfs.localization_tr.js"]
        }
    ]
}